{"loss": 99.95658815824069, "epoch": 290, "_timestamp": 1672875201.4818683, "_runtime": 67.54872918128967, "_step": 182, "loss_rec": 53.740150451660156, "loss_KLD": 46.21643829345703, "eval_loss": 864.9198608398438, "eval_rec": 819.7730407714844, "eval_KLD": 45.14678955078125, "eval_sample": {"_type": "image-file", "sha256": "4efe49fbc8d234ebcee5fbf2beed807b4b42dace484ee304ac93423f55f14ca8", "size": 69281, "path": "media/images/eval_sample_182_4efe49fbc8d234ebcee5.png", "format": "png", "width": 700, "height": 800}, "_wandb": {"runtime": 67}}