{"loss": 882.8265991210938, "epoch": 290, "_timestamp": 1672869351.4682586, "_runtime": 59.2714307308197, "_step": 182, "loss_rec": 858.2750384990985, "loss_KLD": 24.551557540893555, "eval_loss": 677.6344909667969, "eval_rec": 655.905517578125, "eval_KLD": 21.72898769378662, "eval_sample": {"_type": "image-file", "sha256": "84e7c5e69223d55f95ab1ce7869bf667b55e0ba52c6e8e8ad9c9f958a7ec9707", "size": 55120, "path": "media/images/eval_sample_182_84e7c5e69223d55f95ab.png", "format": "png", "width": 700, "height": 800}, "_wandb": {"runtime": 58}}