{"loss": 749.083256648137, "epoch": 290, "_timestamp": 1672872552.4723942, "_runtime": 43.84004521369934, "_step": 182, "loss_rec": 622.4084989107572, "loss_KLD": 126.67475128173828, "eval_loss": 695.2374572753906, "eval_rec": 574.7865600585938, "eval_KLD": 120.45088195800781, "eval_sample": {"_type": "image-file", "sha256": "87f793d34c478732ce17a423c700aed1812f25de9b4e02fa4cf0fba69f396726", "size": 59092, "path": "media/images/eval_sample_182_87f793d34c478732ce17.png", "format": "png", "width": 700, "height": 800}, "_wandb": {"runtime": 43}}