{"loss": 705.043696476863, "epoch": 290, "_timestamp": 1672869470.2230594, "_runtime": 45.517295360565186, "_step": 182, "loss_rec": 540.9434438852163, "loss_KLD": 164.10025259164664, "eval_loss": 700.2908325195312, "eval_rec": 548.1091918945312, "eval_KLD": 152.18163299560547, "eval_sample": {"_type": "image-file", "sha256": "93b53696c8ee8be257aa7c529be94ce58ef8ce6f1aa8c23dd4f09075e8fe5447", "size": 52150, "path": "media/images/eval_sample_182_93b53696c8ee8be257aa.png", "format": "png", "width": 700, "height": 800}, "_wandb": {"runtime": 45}}