{"loss": 133.19435354379507, "epoch": 290, "_timestamp": 1672874726.3536136, "_runtime": 62.93054151535034, "_step": 182, "loss_rec": 91.32078963059645, "loss_KLD": 41.873561272254356, "eval_loss": 948.8185729980469, "eval_rec": 911.9747619628906, "eval_KLD": 36.84380912780762, "eval_sample": {"_type": "image-file", "sha256": "cdf21b7ce9f6352bb853851d593781ea7eec817c4132944f890eca3066d26246", "size": 62461, "path": "media/images/eval_sample_182_cdf21b7ce9f6352bb853.png", "format": "png", "width": 700, "height": 800}, "_wandb": {"runtime": 62}}