{"loss": 99.73421302208534, "epoch": 290, "_timestamp": 1672874204.6514792, "_runtime": 44.59743523597717, "_step": 182, "loss_rec": 80.9030010516827, "loss_KLD": 18.83121241056002, "eval_loss": 859.0185852050781, "eval_rec": 844.0637817382812, "eval_KLD": 14.954827308654785, "eval_sample": {"_type": "image-file", "sha256": "9bb3c1b570d871ef2c3bfe8e111f31b00cea737084fe061ffd07d0a89885907c", "size": 56887, "path": "media/images/eval_sample_182_9bb3c1b570d871ef2c3b.png", "format": "png", "width": 700, "height": 800}, "_wandb": {"runtime": 44}}