{"loss": 186.34095529409555, "epoch": 290, "_timestamp": 1672869527.5231297, "_runtime": 50.65661859512329, "_step": 182, "loss_rec": 160.84436974158655, "loss_KLD": 25.49658496563251, "eval_loss": 1320.9818725585938, "eval_rec": 1297.2318725585938, "eval_KLD": 23.750022888183594, "eval_sample": {"_type": "image-file", "sha256": "631e27c5bb0c25f71da75da0efaec972c27c1261aa3c4238940c91ac19a56280", "size": 62230, "path": "media/images/eval_sample_182_631e27c5bb0c25f71da7.png", "format": "png", "width": 700, "height": 800}, "_wandb": {"runtime": 50}}