{"loss": 1555.222928560697, "epoch": 290, "_timestamp": 1672872605.0908468, "_runtime": 45.4774968624115, "_step": 182, "loss_rec": 1489.0438608022837, "loss_KLD": 66.17908155001126, "eval_loss": 1272.73046875, "eval_rec": 1209.1215209960938, "eval_KLD": 63.6089973449707, "eval_sample": {"_type": "image-file", "sha256": "601b647e28f9206d5616a0230aa291421e3e883b47a1cd5a64c471d88202d038", "size": 67830, "path": "media/images/eval_sample_182_601b647e28f9206d5616.png", "format": "png", "width": 700, "height": 800}, "_wandb": {"runtime": 45}}