{"loss": 76.58336169903095, "epoch": 290, "_timestamp": 1672869579.6408784, "_runtime": 42.1529643535614, "_step": 182, "loss_rec": 51.568622882549576, "loss_KLD": 25.014738523043118, "eval_loss": 795.9132385253906, "eval_rec": 771.1138000488281, "eval_KLD": 24.7994441986084, "eval_sample": {"_type": "image-file", "sha256": "32cb82553c1ee8acc63431d065c810cb94b96a8db071d20e480fd5573267db1b", "size": 62936, "path": "media/images/eval_sample_182_32cb82553c1ee8acc634.png", "format": "png", "width": 700, "height": 800}, "_wandb": {"runtime": 41}}