{"loss": 808.9340444711538, "epoch": 290, "_timestamp": 1672874445.8506553, "_runtime": 51.20219540596008, "_step": 182, "loss_rec": 641.7664466271034, "loss_KLD": 167.1676001915565, "eval_loss": 778.270751953125, "eval_rec": 616.6731262207031, "eval_KLD": 161.59762573242188, "eval_sample": {"_type": "image-file", "sha256": "f1310bc206187df6cace33a7384fdda02a0b9a08f6f265f248e21455359d9e88", "size": 61157, "path": "media/images/eval_sample_182_f1310bc206187df6cace.png", "format": "png", "width": 700, "height": 800}, "_wandb": {"runtime": 50}}