{"loss": 112.69557835505559, "epoch": 290, "_timestamp": 1672869416.5678253, "_runtime": 57.81838321685791, "_step": 182, "loss_rec": 71.46092106745793, "loss_KLD": 41.234657287597656, "eval_loss": 881.5162353515625, "eval_rec": 843.3002319335938, "eval_KLD": 38.215999603271484, "eval_sample": {"_type": "image-file", "sha256": "9a2d03c8e7903c602d20d028bd9894f877251fe163c1bb11169a72b3a4399978", "size": 61134, "path": "media/images/eval_sample_182_9a2d03c8e7903c602d20.png", "format": "png", "width": 700, "height": 800}, "_wandb": {"runtime": 57}}