{"loss": 1078.0294471153845, "epoch": 290, "_timestamp": 1672872958.47287, "_runtime": 52.819563150405884, "_step": 182, "loss_rec": 1073.2996403620793, "loss_KLD": 4.729817903958834, "eval_loss": 4085.9981689453125, "eval_rec": 4081.6038818359375, "eval_KLD": 4.394406318664551, "eval_sample": {"_type": "image-file", "sha256": "7be380768fc4c95099e3fa30cd50b3d8543f10950d39d43e4a301c568698595e", "size": 70571, "path": "media/images/eval_sample_182_7be380768fc4c95099e3.png", "format": "png", "width": 700, "height": 800}, "_wandb": {"runtime": 52}}